{
  "flow_share_county_mean": {
    "p05": 0.041468847255237216,
    "p25": 0.10217535844386866,
    "p50": 0.37108297019951186,
    "p75": 0.4212928001430596,
    "p95": 0.4472293921111415,
    "n": 100
  },
  "flow_share_primary_mean": {
    "p05": 0.5527706055142634,
    "p25": 0.5787071974403226,
    "p50": 0.6289170272896583,
    "p75": 0.8978246386605363,
    "p95": 0.9585311497410316,
    "n": 100
  },
  "insurance_total_mean": {
    "p05": 73062.29560016443,
    "p25": 90934.46291106218,
    "p50": 167975.05301835464,
    "p75": 184092.33930150486,
    "p95": 191343.02607512168,
    "n": 100
  },
  "insurance_county_share_mean": {
    "p05": 0.17586024355270644,
    "p25": 0.32604126574440606,
    "p50": 0.7164041748005116,
    "p75": 0.7543037296128198,
    "p95": 0.7720111173548694,
    "n": 100
  },
  "insurance_primary_share_mean": {
    "p05": 0.22798888264513043,
    "p25": 0.24569627038718012,
    "p50": 0.28359582519948856,
    "p75": 0.673958734255594,
    "p95": 0.824139756447294,
    "n": 100
  },
  "referral_success_rate_mean": {
    "p05": 0.0,
    "p25": 0.0,
    "p50": 0.0,
    "p75": 0.0,
    "p95": 0.0,
    "n": 100
  },
  "severity_county_mean": {
    "p05": 0.5840727027320399,
    "p25": 0.5944591919932615,
    "p50": 0.6078688130719037,
    "p75": 0.7105419768710369,
    "p95": 0.7900378091728768,
    "n": 100
  },
  "severity_primary_mean": {
    "p05": 0.24677595972901165,
    "p25": 0.2483365659734294,
    "p50": 0.24943581341991727,
    "p75": 0.2503689095887838,
    "p95": 0.25185075401759166,
    "n": 100
  },
  "capacity_county_last": {
    "p05": 76.51394340466382,
    "p25": 235.70472444913486,
    "p50": 1200.0,
    "p75": 1464.0,
    "p95": 1500.0,
    "n": 100
  },
  "capacity_county_mean": {
    "p05": 119.45179990117745,
    "p25": 306.43468208885224,
    "p50": 1200.0,
    "p75": 1464.0,
    "p95": 1500.0,
    "n": 100
  },
  "capacity_secondary_last": {
    "p05": 141.76277876862505,
    "p25": 157.0282177719256,
    "p50": 174.09902110036262,
    "p75": 196.16771364197334,
    "p95": 219.99906495513537,
    "n": 100
  },
  "capacity_secondary_mean": {
    "p05": 142.4863235615307,
    "p25": 161.70812409100114,
    "p50": 176.2041768921451,
    "p75": 190.74631171230874,
    "p95": 215.4927599392228,
    "n": 100
  },
  "capacity_township_last": {
    "p05": 531.4698256863536,
    "p25": 557.416038499872,
    "p50": 581.2827212989221,
    "p75": 608.069729424968,
    "p95": 649.0261762084,
    "n": 100
  },
  "capacity_township_mean": {
    "p05": 531.2498256863549,
    "p25": 559.3133889424481,
    "p50": 580.7951630943992,
    "p75": 611.088158856,
    "p95": 649.1259961116151,
    "n": 100
  },
  "capacity_primary_last": {
    "p05": 686.8359266367322,
    "p25": 728.5726871449593,
    "p50": 761.7994722808688,
    "p75": 793.5452172040034,
    "p95": 834.5619767225834,
    "n": 100
  },
  "capacity_primary_mean": {
    "p05": 689.9206228313914,
    "p25": 727.6554811031231,
    "p50": 761.4086602834902,
    "p75": 788.5103027905888,
    "p95": 841.983568822414,
    "n": 100
  }
}