{
  "capacity_county_last": {
    "p05": 1160.4,
    "p25": 1200.0,
    "p50": 1437.0,
    "p75": 1500.0,
    "p95": 1500.0,
    "n": 50
  },
  "capacity_county_mean": {
    "p05": 1200.0,
    "p25": 1200.0,
    "p50": 1464.0,
    "p75": 1500.0,
    "p95": 1500.0,
    "n": 50
  },
  "capacity_primary_last": {
    "p05": 719.3851742959855,
    "p25": 758.141295466946,
    "p50": 774.1233891823513,
    "p75": 796.7783271081416,
    "p95": 827.8302579046817,
    "n": 50
  },
  "capacity_primary_mean": {
    "p05": 726.9309613116759,
    "p25": 750.3474920588184,
    "p50": 773.5336042586741,
    "p75": 795.8361987583662,
    "p95": 837.2659303335638,
    "n": 50
  },
  "capacity_secondary_last": {
    "p05": 148.35456568459043,
    "p25": 173.79939764592893,
    "p50": 186.86339995473918,
    "p75": 206.29292639999997,
    "p95": 222.21707170752825,
    "n": 50
  },
  "capacity_secondary_mean": {
    "p05": 156.84132434705708,
    "p25": 173.0642495404336,
    "p50": 186.60845817413121,
    "p75": 193.2937271186844,
    "p95": 217.60080123492546,
    "n": 50
  },
  "capacity_township_last": {
    "p05": 538.343697756,
    "p25": 568.2147405034613,
    "p50": 584.7510932,
    "p75": 604.9994456116001,
    "p95": 639.4530008,
    "n": 50
  },
  "capacity_township_mean": {
    "p05": 539.1074964071995,
    "p25": 571.2803130916097,
    "p50": 585.0645239999998,
    "p75": 604.9512052365683,
    "p95": 640.2133924818984,
    "n": 50
  },
  "flow_share_county_mean": {
    "p05": 0.37963627650571563,
    "p25": 0.39524727294189654,
    "p50": 0.42142745424709,
    "p75": 0.44287583469144315,
    "p95": 0.448952169353,
    "n": 50
  },
  "flow_share_primary_mean": {
    "p05": 0.5510478282601247,
    "p25": 0.557124162928326,
    "p50": 0.5785725433379452,
    "p75": 0.6047527246241069,
    "p95": 0.620363721012805,
    "n": 50
  },
  "insurance_county_share_mean": {
    "p05": 0.7233202647181225,
    "p25": 0.7347765475455865,
    "p50": 0.7545012560862323,
    "p75": 0.768876596704223,
    "p95": 0.7735405430194114,
    "n": 50
  },
  "insurance_primary_share_mean": {
    "p05": 0.22645945698058845,
    "p25": 0.231123403295777,
    "p50": 0.2454987439137677,
    "p75": 0.26522345245441326,
    "p95": 0.27667973528187756,
    "n": 50
  },
  "insurance_total_mean": {
    "p05": 170537.06511484712,
    "p25": 176784.0209532821,
    "p50": 184252.0067443704,
    "p75": 189921.63225188947,
    "p95": 192199.8861576933,
    "n": 50
  },
  "referral_success_rate_mean": {
    "p05": 0.0,
    "p25": 0.0,
    "p50": 0.0,
    "p75": 0.0,
    "p95": 0.0,
    "n": 50
  },
  "severity_county_mean": {
    "p05": 0.5834975403291542,
    "p25": 0.5855341115122016,
    "p50": 0.5935304539824022,
    "p75": 0.601943081229459,
    "p95": 0.6070766949163148,
    "n": 50
  },
  "severity_primary_mean": {
    "p05": 0.24848335194272417,
    "p25": 0.249409546729978,
    "p50": 0.25007164129067483,
    "p75": 0.2509256372056526,
    "p95": 0.25200530653802944,
    "n": 50
  }
}