{
  "flow_share_county_mean": {
    "p05": 0.37963627650571563,
    "p25": 0.39524727294189654,
    "p50": 0.42142745424709,
    "p75": 0.44287583469144315,
    "p95": 0.448952169353,
    "n": 50
  },
  "insurance_total_mean": {
    "p05": 170537.06511484712,
    "p25": 176784.0209532821,
    "p50": 184252.0067443704,
    "p75": 189921.63225188947,
    "p95": 192199.8861576933,
    "n": 50
  },
  "insurance_county_share_mean": {
    "p05": 0.7233202647181225,
    "p25": 0.7347765475455865,
    "p50": 0.7545012560862323,
    "p75": 0.768876596704223,
    "p95": 0.7735405430194114,
    "n": 50
  },
  "severity_county_mean": {
    "p05": 0.5834975403291542,
    "p25": 0.5855341115122016,
    "p50": 0.5935304539824022,
    "p75": 0.601943081229459,
    "p95": 0.6070766949163148,
    "n": 50
  },
  "capacity_county_last": {
    "p05": 1160.4,
    "p25": 1200.0,
    "p50": 1437.0,
    "p75": 1500.0,
    "p95": 1500.0,
    "n": 50
  },
  "capacity_primary_last": {
    "p05": 719.3851742959855,
    "p25": 758.141295466946,
    "p50": 774.1233891823513,
    "p75": 796.7783271081416,
    "p95": 827.8302579046817,
    "n": 50
  }
}