{
  "capacity_county_last": {
    "p05": 1200.0,
    "p25": 1464.0,
    "p50": 1500.0,
    "p75": 1500.0,
    "p95": 1500.0,
    "n": 34
  },
  "capacity_county_mean": {
    "p05": 1200.0,
    "p25": 1464.0,
    "p50": 1500.0,
    "p75": 1500.0,
    "p95": 1500.0,
    "n": 34
  },
  "capacity_primary_last": {
    "p05": 716.3430270377588,
    "p25": 759.8294760223935,
    "p50": 777.8242229461057,
    "p75": 802.4786237806462,
    "p95": 833.003296152279,
    "n": 34
  },
  "capacity_primary_mean": {
    "p05": 725.2838937474968,
    "p25": 756.692005650538,
    "p50": 775.7328151000146,
    "p75": 797.985047555156,
    "p95": 826.3044143518613,
    "n": 34
  },
  "capacity_secondary_last": {
    "p05": 148.61643289310695,
    "p25": 172.37946940467734,
    "p50": 189.9226337455106,
    "p75": 211.79802664017262,
    "p95": 228.18009389462972,
    "n": 34
  },
  "capacity_secondary_mean": {
    "p05": 157.88707271972618,
    "p25": 169.40339390923643,
    "p50": 183.96659169822948,
    "p75": 192.68549526220048,
    "p95": 216.49569534996743,
    "n": 34
  },
  "capacity_township_last": {
    "p05": 540.0494248554219,
    "p25": 567.872368874904,
    "p50": 583.3642,
    "p75": 604.998627624968,
    "p95": 655.67870140008,
    "n": 34
  },
  "capacity_township_mean": {
    "p05": 541.8151895935491,
    "p25": 569.2142124560938,
    "p50": 586.9455699783679,
    "p75": 609.2712184809677,
    "p95": 651.7759947880348,
    "n": 34
  },
  "flow_share_county_mean": {
    "p05": 0.4059389882695325,
    "p25": 0.4212928001430596,
    "p50": 0.43915141181549017,
    "p75": 0.44432081986355015,
    "p95": 0.4497962854216062,
    "n": 34
  },
  "flow_share_primary_mean": {
    "p05": 0.5502037121946639,
    "p25": 0.5556791777366222,
    "p50": 0.5608485857698111,
    "p75": 0.5787071974403226,
    "p95": 0.5940610092688668,
    "n": 34
  },
  "insurance_county_share_mean": {
    "p05": 0.7429015264088235,
    "p25": 0.7543037296128198,
    "p50": 0.7670614997457439,
    "p75": 0.7700272923452388,
    "p95": 0.7741301910569989,
    "n": 34
  },
  "insurance_primary_share_mean": {
    "p05": 0.22586980894300088,
    "p25": 0.2299727076547611,
    "p50": 0.23293850025425644,
    "p75": 0.24569627038718012,
    "p95": 0.25709847359117677,
    "n": 34
  },
  "insurance_total_mean": {
    "p05": 177777.75080388578,
    "p25": 184092.33930150486,
    "p50": 189347.26760981345,
    "p75": 190826.5670931731,
    "p95": 192429.0312149544,
    "n": 34
  },
  "referral_success_rate_mean": {
    "p05": 0.0,
    "p25": 0.0,
    "p50": 0.0,
    "p75": 0.0,
    "p95": 0.0,
    "n": 34
  },
  "severity_county_mean": {
    "p05": 0.5833704733436544,
    "p25": 0.5847678397618771,
    "p50": 0.5873501169280663,
    "p75": 0.5944591919932615,
    "p95": 0.599103750693681,
    "n": 34
  },
  "severity_primary_mean": {
    "p05": 0.24849338028134305,
    "p25": 0.24927490618165987,
    "p50": 0.24976299576642874,
    "p75": 0.250672994446215,
    "p95": 0.25155358796425825,
    "n": 34
  }
}