{
  "flow_share_county_mean": {
    "p05": 0.4059389882695325,
    "p25": 0.4212928001430596,
    "p50": 0.43915141181549017,
    "p75": 0.44432081986355015,
    "p95": 0.4497962854216062,
    "n": 34
  },
  "insurance_total_mean": {
    "p05": 177777.75080388578,
    "p25": 184092.33930150486,
    "p50": 189347.26760981345,
    "p75": 190826.5670931731,
    "p95": 192429.0312149544,
    "n": 34
  },
  "insurance_county_share_mean": {
    "p05": 0.7429015264088235,
    "p25": 0.7543037296128198,
    "p50": 0.7670614997457439,
    "p75": 0.7700272923452388,
    "p95": 0.7741301910569989,
    "n": 34
  },
  "severity_county_mean": {
    "p05": 0.5833704733436544,
    "p25": 0.5847678397618771,
    "p50": 0.5873501169280663,
    "p75": 0.5944591919932615,
    "p95": 0.599103750693681,
    "n": 34
  },
  "capacity_county_last": {
    "p05": 1200.0,
    "p25": 1464.0,
    "p50": 1500.0,
    "p75": 1500.0,
    "p95": 1500.0,
    "n": 34
  },
  "capacity_primary_last": {
    "p05": 716.3430270377588,
    "p25": 759.8294760223935,
    "p50": 777.8242229461057,
    "p75": 802.4786237806462,
    "p95": 833.003296152279,
    "n": 34
  }
}